Track Name,Artist Name(s)
Dear Breeze,"S. Kiyotaka & Omega Tribe, Kiyotaka Sugiyama"
Sweet Love,Junko Ohashi
Last Summer Whisper,Anri
Magic!,リアムMAZE1981
Dress Down,Kaoru Akimoto
Mayonaka no Door / Stay With Me,Miki Matsubara
Capricorn Woman,Naomi Akimoto
Summer Connection,Taeko Onuki
誤解,加藤有紀
満ちていく体温,Blu-Swing
サンセット・ロード,高橋玲子
シンプル・ラブ,Junko Ohashi
SOUL LADY,YUKIKA
WINDY SUMMER,Anri
街のドルフィン,Kingo Hamada
Super Chance,1986 OMEGA TRIBE
ふたりの夏物語 NEVER ENDING SUMMER,"S. Kiyotaka & Omega Tribe,Kiyotaka Sugiyama"
Remember Summer Days,Anri
Tokai,Taeko Onuki
Plastic Love,リアムMAZE1981
Yours,Yuki Saitou
Summer Suspicion,"S. Kiyotaka & Omega Tribe,Kiyotaka Sugiyama"
River's Island,"Kiyotaka Sugiyama,S. Kiyotaka & Omega Tribe"
Sunset (2019 Y.Nakamura Remastering),Blu-Swing
ガラスのPALM TREE,"S. Kiyotaka & Omega Tribe,Kiyotaka Sugiyama"
悲しみがとまらない　I CAN'T STOP THE LONELINESS,Anri
Telephone Number,Junko Ohashi
ファッシネイション,岡本舞子
Count What You Have Now,Vantage
4:00A.M.,Taeko Onuki
Modern Museum,岸正之
Do It Again,"S. Kiyotaka & Omega Tribe,Kiyotaka Sugiyama"
Scramble Cross,"S. Kiyotaka & Omega Tribe,Kiyotaka Sugiyama"
DOWNTOWN BOY,Yumi Matsutoya
NEON,YUKIKA
Street Dancer,Hiromi Iwasaki
SHYNESS BOY,Anri
Tropical Adventure,Desired
スローモーション,Akina Nakamori
抱かれに来た女,Kingo Hamada
東京ジャズ・クラブ,新田一郎
BLACK JACK,加藤有紀
Flash Back Memories,Anri
男と女,Junko Ohashi
midnight cruisin',Kingo Hamada
君は1000%,1986 OMEGA TRIBE
我がままなハイヒール,Kaoru Akimoto
ダンシング・ヒーロー(Eat You Up),Yoko Oginome
Midnight Down Town,"S. Kiyotaka & Omega Tribe,Kiyotaka Sugiyama"
Closed On Sunday,Kanye West
Rev Run,HDBeenDope
Sunday,"Danny Towers,Pouya"
Sundress,A$AP Rocky
ROCKSTAR P,Baby Keem
314 (feat. Night Lovell),"Dylan Brady,Night Lovell"
I LIKE BLOOD,"Night Lovell,Wifisfuneral"
Let Me Know (I Wonder Why Freestyle),Juice WRLD
Better Dayz,REASON
Ninety,Jaden
Rich N***a S**t (feat. Young Thug),"21 Savage,Metro Boomin,Young Thug"
SAME THING,The Kid LAROI
Lost In The World,"Kanye West,Bon Iver"
Pigs,"Tyler, The Creator"
Hot (feat. Gunna),"Young Thug,Gunna"
She Stole My Heart,Ark Woods
whitegold,whiterosemoxie
Won't Live Here,Daniel Caesar
Light from the Car,Night Lovell
Homecoming,"Kanye West,Chris Martin"
Yessirskiii,"Lil Uzi Vert,21 Savage"
FIVE SIX,Pouya
Family Function,"Father,Zack Fox"
INTROVERSION 2.0,$uicideboy$
All Of The Lights,Kanye West
Wesley's Theory,"Kendrick Lamar,George Clinton,Thundercat"
Barbie Doll,Night Lovell
Next,The Weeknd
Human (feat. Night Lovell),"$NOT,Night Lovell"
Broad Shoulders (feat. Chance the Rapper),"Taylor Bennett,Chance the Rapper"
4r Da Squaw,Isaiah Rashad
Said N Done,"21 Savage,Metro Boomin"
The Love Dispensary,"NugLife,Don't Sleep,Zzay,Mike Pro"
Reflection,Adot
Chateau,"Jaden,A$AP Rocky"
Dark Fantasy,Kanye West
NOT FAIR (feat. Corbin),"The Kid LAROI,Corbin"
PartyIsntOver/Campfire/Bimmer (feat. Frank Ocean & Laetitia Sadier),"Tyler, The Creator,Frank Ocean,Laetitia Sadier"
Lost & Found,Cordae
Motor Yola,"NOEL,Spock"
Contraband,Night Lovell
Cool It,Mars Today
Ghost Town,"Kanye West,PARTYNEXTDOOR"
CHAMPION,DaBaby
Lava (feat. Zombie Juice),"Flatbush Zombies,Zombie Juice"
ONCE UPON A TIME (FREESTYLE),"IDK,Denzel Curry"
Paranoid,"Kanye West,Mr Hudson"
RICKY,Denzel Curry
X6,"Luchii,LUCKI"
The Relays (feat. Travis Scott),"Maxo Kream,Travis Scott"
90210 (feat. Kacy Hill),"Travis Scott,Kacy Hill"
HONEST,Baby Keem
Dangerous (feat. Kid Cudi),"ScHoolboy Q,Kid Cudi"
Let Go,Aaron May
Breaking the Habit,Linkin Park
I Hate Everything About You,Three Days Grace
Numb,Linkin Park
Chalk Outline,Three Days Grace
The Diary Of Jane,Breaking Benjamin
Everlong,Foo Fighters
Burn,Three Days Grace
Just Like You,Three Days Grace
Home,Three Days Grace
Scared,Three Days Grace
Let You Down,Three Days Grace
Now or Never,Three Days Grace
Born Like This,Three Days Grace
Drown,Three Days Grace
Wake Up,Three Days Grace
Take Me Under,Three Days Grace
Overrated,Three Days Grace
Pain,Three Days Grace
Riot,Three Days Grace
Papercut,Linkin Park
In the End,Linkin Park
Crawling,Linkin Park
Hit the Floor,Linkin Park
Animal I Have Become,Three Days Grace
Break,Three Days Grace
I Am Machine,Three Days Grace
Headstrong,Trapt
In the End,Linkin Park
Last Resort,Papa Roach
Monster,SK**let
Just Like You,Three Days Grace
Fake It,Seether
Savior,Rise Against
The K**l,Thirty Seconds To Mars
Kryptonite,3 Doors Down
Boulevard of Broken Dreams,Green Day
Breath,Breaking Benjamin
One Step Closer,Linkin Park
Down with the Sickness,Disturbed
Bad Company,Five Finger Death Punch
I Stand Alone,Godsmack
Nothing Else Matters,Metallica
ピースサイン,Kenshi Yonezu
ODD FUTURE,UVERworld
ポラリス,BLUE ENCOUNT
Guren no Yumiya,Linked Horizon
自由の翼,Linked Horizon
心臓を捧げよ!,Linked Horizon
Red Swan,"Yoshiki,HYDE"
憧憬と屍の道,Linked Horizon
again,YUI
the WORLD,Nightmare
crossing field,LiSA
シルエット,KANA-BOON
Skyreach,Amamiya Sora
ブルーバード,Ikimonogakari
RISE,MADKID
FAITH,MADKID
99,MOB CHOIR
Refrain Boy,ALL OFF
アカシア,BUMP OF CHICKEN
99.9,"MOB CHOIR,sajou no hana"
紅蓮華,LiSA
ADAMAS,LiSA
ジョジョ〜その血の運命,Hiroaki Tommy Tominaga
廻廻奇譚,Eve
インフェルノ,Mrs. GREEN APPLE
Boku no Sensou - TV Size,Shinsei Kamattechan
三原色,PELICAN FANCLUB
Good Morning World!,BURNOUT SYNDROMES
No.1,DISH//
Cry Baby,OFFICIAL HIGE DANDISM
明け星,LiSA
VIVID VICE,Who-ya Extended
Paradisus-Paradoxum,MYTH & ROID
MUKANJYO (TV size),Survive Said The Prophet
火炎,QUEEN BEE
ホログラム,NICO Touches the Walls
VIVID VICE (from Jujutsu Kaisen),Studio Yuraki
Again (From Fullmetal Alchemist: Brotherhood),NateWantsToBattle
Gurenge (From Demon Slayer),NateWantsToBattle
Polaris,NateWantsToBattle
My Hero Academia,Musicality
Kamado Tanjiro no Uta - Remix,Rifti Beats
Ultra Instinct Theme - Remix,Rifti Beats
Opening Theme - Remix,Rifti Beats
il vento d'oro,Yugo Kanno
2 Heros,Yuki Hayashi
Cowboy Bebop Rap,Daddyphatsnaps
You See Big Girl / T:T,Hiroyuki Sawano
Attack on Titan - Season 4 Theme - Remix,"Rifti Beats,Trap Music Now"
Ashes on The Fire (Attack on Titan The Final Season Original Soundtrack),KOHTA YAMAMOTO
Jujutsu Kaisen Opening (Kaikai Kitan),Rifti Beats
それいけさらに向こうへ,Yuki Hayashi
Impatience,"Hiroaki Tsutsumi,Paranom,Kasper"
A VS B,Yuki Hayashi
Death Note - L's Theme,"Rifti Beats,Trap Music Now"
Attack on Titan (Season 4) Theme - Remix,"Rifti Beats,Trap Music Now"
Naruto Main Theme - Trap Remix,Musicality
My War (Attack on Titan),Musicality
Jujutsu Kaisen,Musicality
Before my body is dry,Hiroyuki Sawano
Suck your blood,Hiroyuki Sawano
ヒーロー活動推奨プロジェクト,Yuki Hayashi
JUJUTSU KAISEN,Hiroaki Tsutsumi
Boogie Woogie,Yoshimasa Terui
Hollow Purple,Alisa Okehazama
Möbius,"mpi,Laco,Benjamin,Hiroyuki Sawano"
XI,Hiroyuki Sawano
俺が君のヒーローになる,Yuki Hayashi
Warhammer Titan Theme,Samuel Kim
Symphonicsuite (Aot) Part2-1st: Attack on Titan (Wmid),Hiroyuki Sawano
君の力,Yuki Hayashi
不動の剣,Yutaka Yamada
オール・フォー・ワン,Yuki Hayashi
ワン・フォー・オールVSオール・フォー・ワン,Yuki Hayashi
K21,Hiroyuki Sawano
Symphonicsuite (Aot) Part2-5th: Apple Seed,Hiroyuki Sawano
Symphonicsuite (Aot) Part2-3rd: Before Lights Out,Hiroyuki Sawano
Apetitan,Hiroyuki Sawano
Gohan's Anger,Musicality
One Punch Man - Saitama's Theme - Remix,"Rifti Beats,Trap Music Now"
Golden Frieza Theme,Friedrich Habetler
Rengoku Theme,Samuel Kim
great escape,cinema staff
REMEMBER,Masto (coldrain)
[104EYES-29CA2]suite-2楽章,Hiroyuki Sawano
k1ll◎iLL,Hiroyuki Sawano
The Raising Fighting Spirit,Aku
Dragon Ball Super - Vegito Blue Theme - Remix,"Rifti Beats,Trap Music Now"
RASETSU - Remix,Musicality
This Is Revenge,Hiroaki Tsutsumi
Tokyo Revengers -Main Theme-,Hiroaki Tsutsumi
Fire Force -Main Theme-,Kenichiro Suehiro
Death Note - Low of Solipsism - Remix,Rifti Beats
My Hero Academia - Red Riot Theme - Remix,"Rifti Beats,Trap Music Now"
Mob Psycho 100 - Explosion of Mob Feelings - Remix,"Rifti Beats,Trap Music Now"
thunderBOLTfantasy,Hiroyuki Sawano
KINGDOM - DUE,Hiroyuki Sawano
Judgement,Kensuke Ushio
Smells Blood,Kensuke Ushio
D.V.M.N. -Theme From DEVILMAN crybaby-,Kensuke Ushio
NO-BEAT,Tsuneo Imahori
ESIRNUS,Hiroyuki Sawano
car5p3 / PENELOPE,Hiroyuki Sawano
沸き上がる闘志,MUSASHI PROJECT
劣勢,MUSASHI PROJECT
激と撃,MUSASHI PROJECT
水上切,"Yasuharu Takanashi,YAIBA"
動天,"Yasuharu Takanashi,YAIBA"
出陣,Yasuharu Takanashi
暁,Yasuharu Takanashi
電光石火,Yasuharu Takanashi
乾坤一擲,Yasuharu Takanashi
儀礼,"Yasuharu Takanashi,YAIBA"
紅炎,"Yasuharu Takanashi,YAIBA"
黒点,"Yasuharu Takanashi,YAIBA"
飛段,"Yasuharu Takanashi,YAIBA"
MADARA,"Yasuharu Takanashi,YAIBA"
MADARA vs NARUTO,"Yasuharu Takanashi,YAIBA"
My Name,"Yasuharu Takanashi,YAIBA"
NARUTO and BORUTO,"Yasuharu Takanashi,YAIBA"
Spin and Burst,"Yasuharu Takanashi,YAIBA"
動天,Yasuharu Takanashi
形勢逆転,Yasuharu Takanashi
The Devil,Rok Nardin
The Rumbling,"Rok Nardin,Samuel Kim"
Vegeta Super Saiyan Theme - Remix,Rifti Beats
Akeboshi (From Demon Slayer Season 2) - Remix,"Rifti Beats,shirobeats,Trap Music Now"
IGNITE (Fairlane Remix) - SACRA BEATS Singles,"Eir Aoi,Fairlane"
The Other Side of the Sea,KOHTA YAMAMOTO
The Warriors,KOHTA YAMAMOTO
Straw Doll Technique Resonance,"Yoshimasa Terui,RIN"
Jujutsu Sorcerer Megumi Fushiguro,Yoshimasa Terui
Working Overtime,Yoshimasa Terui
Self-Embodiment Of Perfection,Alisa Okehazama
Giyu Tomioka Theme,Samuel Kim
Akaza Theme,Samuel Kim
His/Story (「Thunderbolt Fantasy 東離劍遊紀2」OP ver.),Takanori Nishikawa
katharsis,TK from Ling tosite sigure
unravel,TK from Ling tosite sigure
Zankyou Sanka - Epic Version (Demon Slayer Season 2 Opening),Samuel Kim
残響散歌,Aimer
Zankyou Sanka - Trap Remix,Musicality
The Rumbling (TV Size),SiM
Ashes on The Fire V2,Samuel Kim
The Rumbling - Epic Version,Samuel Kim
The Rumbling (Attack on Titan) - Drill Remix,Musicality
The Cost of Freedom (0sk x Ashes on The Fire),Samuel Kim
悪魔の子,Higuchi Ai
FLY HIGH!!,BURNOUT SYNDROMES
Cry Baby,OFFICIAL HIGE DANDISM
Black Rover,Vicke Blanka
THE ANSWER,Hiroyuki Sawano
8SIX,Hiroyuki Sawano
Yoriichi Theme,Samuel Kim
Jolyne's Theme - Trap Remix,Musicality
STONE OCEAN - English Ver.,ichigo from 岸田教団&THE明星ロケッツ
闇を斬る,東京混声合唱団
Overdrive,Taku Iwasaki
Avalon,Taku Iwasaki
Power of Mujin Park,桶狭間ありさ
SEOUL TEAM,桶狭間ありさ
Devil's Beat,Kenichiro Suehiro
Eye Of The Tiger,Lotus Juice
swordland,Yuki Kajiura
luminous sword,Yuki Kajiura
gunland,Yuki Kajiura
HOKOTATE-GAME,Yuki Hayashi
GO Beyond!!,Yuki Hayashi
Heroes mission,Yuki Hayashi
Spirit of the Sword,Yuki Hayashi
Yoh and Ren,Yuki Hayashi
スカイクラッドの観測者 - Short Ver.,いとうかなこ
Departure!,Masatoshi Ono
Hero Theme,Kensuke Ushio
Like A Dance,Kensuke Ushio
疾風,Yoshihiro Ike
run rabbit junk,HIDE
rise,Origa
zero signal,Yoko Kanno
Licht und Schatten,Yutaka Yamada
Unlimited Blade Works,Hideyuki Fukasawa
PSYCHO-PASS,Yugo Kanno
Stardust Crusaders,Yugo Kanno
PSYCHO-PASS feat. AKANE,Yugo Kanno
AJIN MAIN THEME,Yugo Kanno
はたらく細胞BLACK -Main Theme-,Yugo Kanno
大逆転,Yuki Hayashi
一途,King Gnu
Special Grade Vengeful Cursed Spirit : RIKA,Hiroaki Tsutsumi
We Are Stop The Attack,照井順政
LOST IN PARADISE,"ALI,AKLO"
Be Prepared,Che Lingo
Your Battle is My Battle,Chica
7 to 3,Alisa Okehazama
Eye Catch B,Hiroaki Tsutsumi
上,Yuki Hayashi
雑食,Yuki Hayashi
真っ向勝負,Yuki Hayashi
Through My Blood,Hiroyuki Sawano
Never Stop,"Hiroyuki Sawano,Laco"
War at the Door,Flying Lotus
Black Gold,"Flying Lotus,Thundercat"
サイバーバード,Gabriela Robin
As the World Caves In,Matt Maltese
Dreams - 2004 Remaster,Fleetwood Mac
Apocalypse,Cigarettes After S*x
Space Song,Beach House
Become the Warm Jets,Current Joys
This Side of Paradise,Coyote Theory
Put Your Records On,Ritt Momney
Mind Over Matter (Reprise),Young the Giant
Soulmate Song,Carson James Argenna
Nobody Gets Me (Like You),Wallows
we fell in love in october,girl in red
Mountains,Message To Bears
Young,Vacations
Kids,Current Joys
Michelle,Sir Chloe
Heather,Conan Gray
505,Arctic Monkeys
I Exist I Exist I Exist,Flatsound
My Tears Are Becoming A Sea,M83
Sparks,Coldplay
i was all over her,salvia palth
welcome and goodbye,"Dream, Ivory"
Sleep Thru Ur Alarms,Lontalius
"Dream, Ivory","Dream, Ivory"
Swing Lynn,Harmless
A Sad Song About a Girl I No Longer Know,Bedside Kites
"no, the moon",Teen Suicide
Sign of the Times,Harry Styles
Brooklyn Baby,Lana Del Rey
Love Is Only a Feeling,Joey Bada$$
Driftin',Bishop Nehru
Photosynthesis,"Saba,Jean Deaux"
BUSY / SIRENS,"Saba,theMIND"
CALLIGRAPHY,Saba
2012,Joey Purp
Nikes,Frank Ocean
Ivy,Frank Ocean
Pink + White,Frank Ocean
Be Yourself,Frank Ocean
Self Control,Frank Ocean
Solo,Frank Ocean
Nights,Frank Ocean
Thinkin Bout You,Frank Ocean
Super Rich Kids,"Frank Ocean,Earl Sweatshirt"
Pilot Jones,Frank Ocean
Crack Rock,Frank Ocean
Pyramids,Frank Ocean
Pink Matter,"Frank Ocean,André 3000"
Chanel,Frank Ocean
Moon River,Frank Ocean
RUNNING OUT OF TIME,"Tyler, The Creator"
I THINK,"Tyler, The Creator"
See You Again (feat. Kali Uchis),"Tyler, The Creator,Kali Uchis"
NEW MAGIC WAND,"Tyler, The Creator"
Foreword (feat. Rex Orange County),"Tyler, The Creator,Rex Orange County"
Sometimes...,"Tyler, The Creator"
Pothole (feat. Jaden Smith),"Tyler, The Creator,Jaden"
November,"Tyler, The Creator"
Droppin' Seeds (feat. Lil' Wayne),"Tyler, The Creator,Lil Wayne"
FACE,BROCKHAMPTON
Where This Flower Blooms (feat. Frank Ocean),"Tyler, The Creator,Frank Ocean"
Chum,Earl Sweatshirt
Sunflower,Rex Orange County
Peach,Kevin Abstract
Frank's Track,Kanye West
Turf,Aminé
Sober,Childish Gambino
White (feat. Frank Ocean),"Odd Future,Frank Ocean"
Glitter,"Tyler, The Creator"
BLEACH,BROCKHAMPTON
1999 WILDFIRE,BROCKHAMPTON
Loving Is Easy (feat. Benny Sings),"Rex Orange County,Benny Sings"
Empty,Kevin Abstract
30 Hours,Kanye West
No More Parties In LA,Kanye West
Garden Shed (feat. Estelle),"Tyler, The Creator,Estelle"
GOLD,BROCKHAMPTON
67,MellowHype
Sundress,A$AP Rocky
Best Friend,Rex Orange County
RENTAL,BROCKHAMPTON
Wool (feat. Vince Staples),"Earl Sweatshirt,Vince Staples"
Skyline To,Frank Ocean
Joyride,Kevin Abstract
Brotha Man (feat. French Montana),"A$AP Rocky,French Montana"
Dark Red,Steve Lacy
Girl (feat. KAYTRANADA),"The Internet,KAYTRANADA"
SUMMER,BROCKHAMPTON
PRIDE.,Kendrick Lamar
Fallen,Jaden
Self Care,Mac Miller
"Enjoy Right Now, Today","Tyler, The Creator"
C U Girl,Steve Lacy
DUCKWORTH.,Kendrick Lamar
Nothing,"Rex Orange County,Marco McKinnis"
SLOW DANCING IN THE DARK,Joji
Love,"Kid Abstrakt,The Deli,Joseph Soul"
Colorado,Kota the Friend
"Mystique, Pt. 2",Tevvez
Raw To The Floor,"Evil Activities,The Viper"
Harder State Of Mind,"D-Block & S-te-Fan,DJ Isaac"
The Silence (Of My Sins),Sub Zero Project
Greek Gods,Tevvez
Spirit of Hardstyle,Noisecontrollers
Ensoleil,Tevvez
The Hunter And The Prey,"Headhunterz,Sian Evans"
Mystique,Tevvez
Legend,Tevvez
Stronger & Better,Radical Redemption
My Beautiful Fantasy,"Phuture Noize,B-Front"
Feel It!,"D-Block & S-te-Fan,D-Sturb"
Toss A Coin To Your Witcher,"Coone,Da Tweekaz,Hard Driver,The Elite,Bram Boender"
Hardmind,Tevvez
Zombie,Ran-D
Love,Physika
Pressure,Tevvez
Outcast - Radio Edit,"LILS,NIIVES,HAYLE"
No Cure (Radio Edit),Ran-D & Redixx
FML,Wasted Penguinz
Lies or Truth - Album Edit,"Wildstylez,Brennan Heart"
Stronger,Vertile
Dragonborn part 3 (Oceans Apart),"Headhunterz,Sian Evans"
Hardsynth,Tevvez
Destiny - Edit,Headhunterz
Colors - Radio Edit,"Headhunterz,Tatu"
Poppin´ (Radio Edit),Element
Glimmer of Hope,Tevvez
New World,"Code Black,Chris Madin"
Home,Dionysus
Frozen in time,"Tevvez,Mally"
Hardeyes,Tevvez
Buenssa,Tevvez
Quasar,Tevvez
Murder,Evil Activities
Sanctuary,"Wildstylez,Lindi"
Die Trying,Digital Punk
Spectre,Tevvez
Return,Tevvez
Heaven,Tevvez
Maniac,Sub Sonik
For Ever,Zatox
Flame Up High - Vertile Remix,"Adaro,Vertile"
Son of Zeus,Dionysus
Universe,Tevvez
Zeus,Tevvez
Life Eternal,MYST
Walk With Kings,MYST
Bump The Bass.exe (Bonus Track),Dionysus
Somebody to Hold,"Parsa Nani,Dionysus"
Infinity,Tevvez
Tren,Yosuf
Going Under,Deetox
Volume Check,Eternate
CLEN,"Dionysus,Yosuf"
Fight Fire With Fire,"Ran-D,LePrince"
Euphoria,Tevvez
No Time,Tevvez
The Path We Take,MYST
Better,Tevvez
Music Of The Mind,Envine
Deep End,"Stupid Whizkid,DROPiXX"
Invincible,Neolux
MALO TEBYA - Pxlish Beatz Remix,Pxlish Beatz
Vision,Tevvez
Alpha,Tevvez
Override,KSLV Noh
Oblivion,Tevvez
Legacy,Tevvez
No Fear,Tevvez
Wolves,Zatox
Endless,Tevvez
Void,Tevvez
Forgiven,The Machine
Fallen,"Deetox,Elyn"
200 BPM,Frontliner
Overloader,MYST
You're My Angel - Hypnose Remix Edit,"Styles & Breeze,Hypnose"
Hold On,"D-Sturb,Sogma,E-Life"
Throne,Tevvez
Univerze - Extended Mix,"Rebourne,Wasted Penguinz"
Cursed Voices,Tevvez
Change Your Mind,Kronos
Skyfire - Steve Allen & Devon Colombage Remix,"Shogun,Steve Allen,Devon Colombage"
your my angel,Tatli
Temper,Miss K8
Evilution,Evil Activities
Blood,Tevvez
World Excited,Tevvez
Worz,Tevvez
depression,Tatli
Neo Tokyo,"Naeleck,Kan Takahiko"
F****D UP,Dionysus
HALO,Sub Zero Project
Dbol,Yosuf
1Train,"A$AP Rocky,Kendrick Lamar,Joey Bada$$,Yelawolf,Danny Brown,Action Bronson,Big K.R.I.T."
95 Till Infinity,Joey Bada$$
Poe Mans Dreams (His Vice),Kendrick Lamar
STAR,BROCKHAMPTON
Grown Up,Danny Brown
Gilligan,"DRAM,A$AP Rocky,Juicy J"
Ski Mask,Smokepurpp
ROCKABYE BABY,"Joey Bada$$,ScHoolboy Q"
FOR MY PEOPLE,Joey Bada$$
TEMPTATION,Joey Bada$$
BABYLON (feat. Chronixx),"Joey Bada$$,Chronixx"
Hazeus View,Joey Bada$$
DNA.,Kendrick Lamar
Goyard Bag,"Fabolous,Lil Uzi Vert"
Audi.,Smokepurpp
Glock In My Benz,Smokepurpp
F**k A Swisher,"Smokepurpp,Xavier Wulf"
Doomsday,"MF DOOM,MF Grimm"
Off the Wall,Nyck @ Knight
All Caps,Madvillain
911 / Mr. Lonely (feat. Frank Ocean & Steve Lacy),"Tyler, The Creator,Frank Ocean,Steve Lacy"
Who Dat Boy (feat. A$AP Rocky),"Tyler, The Creator,A$AP Rocky"
Excuse Me,A$AP Rocky
Look At Me!,XXXTENTACION
Pac Blood,Danny Brown
Mirror (feat. Earl Sweatshirt),"Samiyam,Earl Sweatshirt"
Polo Socks,Oliver Francis
YAH.,Kendrick Lamar
The Fine Print,King Geedorah
Raid,"Madvillain,MED"
Fancy Clown,"Madvillain,Viktor Vaughn"
500 Benz,Joey Bada$$
Enter The Void (feat. Ab-Soul),Joey Bada$$
Waves,Joey Bada$$
GOLD,BROCKHAMPTON
Baptized In Fire,"Kid Cudi,Travis Scott"
Boredom (feat. Rex Orange County & Anna of the North),"Tyler, The Creator,Rex Orange County,Anna of the North"
Dial Up,"Nyck Caution,Kirk Knight,Nyck @ Knight"
Wrong (feat. A$AP Rocky & A$AP Ferg),"A$AP Mob,A$AP Rocky,A$AP Ferg"
No Heart,"21 Savage,Metro Boomin"
Memo,Young Thug
Foreword (feat. Rex Orange County),"Tyler, The Creator,Rex Orange County"
Where This Flower Blooms (feat. Frank Ocean),"Tyler, The Creator,Frank Ocean"
Pothole (feat. Jaden Smith),"Tyler, The Creator,Jaden"
Garden Shed (feat. Estelle),"Tyler, The Creator,Estelle"
I Ain't Got Time!,"Tyler, The Creator"
November,"Tyler, The Creator"
Glitter,"Tyler, The Creator"
Perfect Murder,"Nyck Caution,Nyck @ Knight"
M'$ (feat. Lil Wayne),"A$AP Rocky,Lil Wayne"
Different Color Molly,Smokepurpp
See You Again (feat. Kali Uchis),"Tyler, The Creator,Kali Uchis"
Soul Doubt,$uicideboy$
Hot N*gga,Bobby Shmurda
Met Gala (feat. Offset),"Gucci Mane,Offset"
Wyclef Jean,Young Thug
Strapped,A$AP Twelvyy
War Ready,Vince Staples
Pimp Hand,Vince Staples
Man in the Sixties,Balue
Love Sosa,Chief Keef
Droppin' Seeds (feat. Lil' Wayne),"Tyler, The Creator,Lil Wayne"
Dark Red,Steve Lacy
Some,Steve Lacy
C U Girl,Steve Lacy
Huey,Earl Sweatshirt
That's My Energy +,Smokepurpp
6 Rings,Smokepurpp
To The Moon,Smokepurpp
Treat Her Like a Prostitute,"$uicideboy$,Germ"
Rukus,"$uicideboy$,Germ"
"Work REMIX (feat. A$AP Rocky, French Montana, Trinidad James & ScHoolboy Q)","A$AP Ferg,French Montana,A$AP Rocky,Trinidad James,ScHoolboy Q"
Hoover Street,ScHoolboy Q
Break The Bank,ScHoolboy Q
7AM,Lil Uzi Vert
Top,Lil Uzi Vert
Enemies,Lil Uzi Vert
Paradise,Lil Uzi Vert
Ronda (Winners),Lil Uzi Vert
Savage Mode,"21 Savage,Metro Boomin"
Magazine,$uicideboy$
Killamonjaro,KILLY
Off-White (feat. Global Mongo),"Global Dan,Global Mongo"
Dis Iz 4 All My Smokers,"Method Man,Redman"
You're Now Tuning in to 66.6 Fm with DJ Rapture,$uicideboy$
Hard to Tell,$uicideboy$
"New Chains, Same Shackles",$uicideboy$
Styrofoam,$uicideboy$
Withdrawals / Withdrawals,$uicideboy$
XXX. FEAT. U2.,"Kendrick Lamar,U2"
The Purge,"ScHoolboy Q,Tyler, The Creator,Kurupt"
His & Her Fiend,"ScHoolboy Q,SZA"
Gangsta,ScHoolboy Q
Blind Threats,"ScHoolboy Q,Raekwon"
Zambamafoo,"HoodRich Pablo Juan,Lil Uzi Vert"
untitled 08 | 09.06.2014.,Kendrick Lamar
Slenderman (feat. Germ),"$uicideboy$,Germ"
Brooklyn (feat. Black Smurf),"$uicideboy$,Black Smurf"
Rag Round My Skull,$uicideboy$
Hive (feat. Vince Staples & Casey Veggies),"Earl Sweatshirt,Vince Staples,Casey Veggies"
Glow Like Dat,Rich Brian
Low Key,$uicideboy$
Rubber Band Man (feat. Cam'ron),"A$AP Ferg,Cam’ron"
Tezeta,"King Gizzard & The Lizard Wizard,Mild High Club"
Dusk To Dawn On Lygon Street,"King Gizzard & The Lizard Wizard,Mild High Club"
RIP Roach,"XXXTENTACION,Ski Mask The Slump God"
YuNg BrAtZ,XXXTENTACION
I Get The Bag (feat. Migos),"Gucci Mane,Migos"
Love Scars,Trippie Redd
Here We Go Again,"$uicideboy$,Germ"
The Sacred,$uicideboy$
"If You Were to Get What You Deserve, You Would Know What the Bottom of a Tire Tastes Like",$uicideboy$
Red and Gold,"MF DOOM,King Ghidra"
AM // Radio (feat. Wiki),"Earl Sweatshirt,Wiki"
Molasses (feat. RZA),"Earl Sweatshirt,RZA"
Love Scars Pt. 2 / Rack City,"Trippie Redd,Antionia,Chris King"
Poles 1469,"Trippie Redd,6ix9ine"
dothatS**t!,Playboi Carti
FAKE,BROCKHAMPTON
HEAT,BROCKHAMPTON
BEN CARSON,BROCKHAMPTON
PALACE,BROCKHAMPTON
444+222,Lil Uzi Vert
Feelings Mutual,Lil Uzi Vert
Malfunction,Lil Uzi Vert
Early 20 Rager,Lil Uzi Vert
Dark Queen,Lil Uzi Vert
"Perry Aye (feat. A$AP Rocky, A$AP Nast, Playboi Carti & Jaden Smith)","A$AP Mob,A$AP Rocky,A$AP NAST,Playboi Carti,Jaden"
Black Card (feat. A$AP Rocky & Smooky MarGielaa),"A$AP Mob,A$AP Rocky,Smooky MarGielaa"
"Get The Bag (feat. A$AP Rocky, A$AP Ferg, A$AP Ant, A$AP Nast, A$AP TyY, Playboi Carti & Smooky MarGielaa)","A$AP Mob,A$AP Rocky,A$AP Ferg,A$AP ANT,A$AP NAST,A$AP TyY,Playboi Carti,Smooky MarGielaa"
"What Happens (feat. A$AP Rocky, A$AP Ferg, Joey Bada$$, Kirk Knight, Nyck Caution, Meechy Darko & Zombie Juice)","A$AP Mob,A$AP Rocky,A$AP Ferg,Joey Bada$$,Kirk Knight,Nyck Caution,Meechy Darko,Zombie Juice"
Jocelyn Flores,XXXTENTACION
Depression & Obsession,XXXTENTACION
Everybody Dies In Their Nightmares,XXXTENTACION
Save Me,XXXTENTACION
Carry On,XXXTENTACION
F**k Love (feat. Trippie Redd),"XXXTENTACION,Trippie Redd"
Q***R,BROCKHAMPTON
TEETH,BROCKHAMPTON
SWEET,BROCKHAMPTON
TOKYO,BROCKHAMPTON
The Way Life Goes (feat. Oh Wonder),"Lil Uzi Vert,Oh Wonder"
"RAF (feat. A$AP Rocky, Playboi Carti, Quavo, Lil Uzi Vert & Frank Ocean)","A$AP Mob,A$AP Rocky,Playboi Carti,Quavo,Lil Uzi Vert,Frank Ocean"
JUNKY,BROCKHAMPTON
CHICK,BROCKHAMPTON
GUMMY,BROCKHAMPTON
"Frat Rules (feat. A$AP Rocky, Playboi Carti & Big Sean)","A$AP Mob,A$AP Rocky,Playboi Carti,Big Sean"
"Feels So Good (feat. A$AP Rocky, A$AP Ferg, A$AP Nast & A$AP Twelvyy)","A$AP Mob,A$AP Rocky,A$AP Ferg,A$AP NAST,A$AP Twelvyy"
Coziest (feat. A$AP Twelvyy & Zack),"A$AP Mob,A$AP Twelvyy,Zack"
No Sleep Leak,Lil Uzi Vert
Catch Me Outside,Ski Mask The Slump God
Earth,MF Grimm
Next Levels,King Geedorah
Guv'nor (feat. MF Doom),"JJ DOOM,MF DOOM"
Fazers,King Geedorah
Monkey Suite,Madvillain
Strange Ways,Madvillain
Blade Of Woe,"Trippie Redd,Famous Dex"
Deeply Scared,"Trippie Redd,UnoTheActivist"
Plain Jane,A$AP Ferg
Shattered Amethyst,$uicideboy$
PRBLMS,6LACK
King Cobra (Drippin'),"$uicideboy$,Germ"
SUNNY,BROCKHAMPTON
Underdogs,Yung Pinch
Life Is Short,Ski Mask The Slump God
Yung Minor Threat,Germ
2nd Hand,$uicideboy$
New Choppa,"Playboi Carti,A$AP Rocky"
Temple Spray,$uicideboy$
Han Solo,Germ
For the Win,Germ
Rhinestone Cowboy,Madvillain
DEATHCAMP (feat. Cole Alexander),"Tyler, The Creator,Cole Alexander"
For the Last Time,$uicideboy$
Leave Me Alone,$uicideboy$
Failure by Design,$uicideboy$
Introversion 2.0,$uicideboy$
I'm Done.,$uicideboy$
"Smoked out, Scoped Out",$uicideboy$
Gloom,$uicideboy$
I Hung Myself for a Persona,$uicideboy$
Now I'm up to My Neck in Offers,$uicideboy$
Goodbye,$uicideboy$
From the Beginning of Time Until the End of Time,$uicideboy$
F**kthepopulation,$uicideboy$
SWAMP,BROCKHAMPTON
No Joke (Beat the Box),"Quan'ta,Trippie Redd"
LigHt Years AHead (Sky HigH),"ScHoolboy Q,Kendrick Lamar"
It's True,"BJ The Chicago Kid,ScHoolboy Q"
NigHtmare on Figg St,ScHoolboy Q
By Any Means,ScHoolboy Q
Black THougHts,ScHoolboy Q
Tonight's Da Night,Redman
Liger,"Young Thug,Carnage,Young Stoner Life"
Fresh Prince,Cousin Stizz
Bless Yo Trap,Smokepurpp
Power,"Rapsody,Kendrick Lamar,Lance Skiiiwalker"
"Whoa (feat. Tyler, The Creator)","Earl Sweatshirt,Tyler, The Creator"
Uncle Al,Earl Sweatshirt
Guild (feat. Mac Miller),"Earl Sweatshirt,Mac Miller"
Memoirs of a Gorilla,$uicideboy$
The Season | Carry Me,Anderson .Paak
The Waters (feat. BJ the Chicago Kid),"Anderson .Paak,BJ The Chicago Kid"
Boulder Holder,Madvillain
Pictures (feat. Maxo Cream),"$uicideboy$,Maxo Cream"
3.214,Madvillain
Planting the Roots Only to Fall out the Tree,$uicideboy$
South Side Suicide (feat. Pouya),$uicideboys$
Novus Ordo Seclorum,$uicideboy$
Evolution (Pretty Good Movie / Pretty Good Theory),$uicideboy$
Vincent Van Gogh Ain't Got S**t on Me,$uicideboy$
GENIE,Aries
Did You Really,Ski Mask The Slump God
Bouncin,Chief Keef
Red Bottom Sky,Yung Lean
Redbone,Childish Gambino
Count Up (feat. DRAM),"Smokepurpp,DRAM"
RIP Max,Smokepurpp
Purgatory,Smokepurpp
Hold It,Smokepurpp
No Bells,Cousin Stizz
No Romance,"16yrold,K**lY"
F**k My Enemies,"Allan Kingdom,Kevin Abstract"
Farrakhan (feat. Vince Staples),"Joey Fatts,Vince Staples"
Trade-Off,Flatbush Zombies
New Freezer (feat. Kendrick Lamar),"Rich The Kid,Kendrick Lamar"
ILL NANA (feat. Trippie Redd),"DRAM,Trippie Redd"
The Race,Tay-K
BOYS,BROCKHAMPTON
Faygo Dreams,6 Dogs
Aahhyeahh,Oliver Francis
Phantom,Smokepurpp
Fingers Blue (feat. Travis Scott),"Smokepurpp,Travis Scott"
Fresh,Chuck Strangers
Deadman's Wonderland,"Trippie Redd,Antionia"
Woah Woah Woah,"Trippie Redd,Bali Baby"
Today,"Trippie Redd,UnoTheActivist"
Overweight,Trippie Redd
Overdose On L1fe,Trippie Redd
I Know How To Self Destruct,Trippie Redd
Sway (feat. Quavo & Lil Yachty),"NexXthursday,Quavo,Lil Yachty"
On Me,"Quality Control,Lil Yachty,Young Thug"
Bust Down,Trippie Redd
Feel Good,"Trippie Redd,Khalil,Cydnee with a C"
In Too Deep,Trippie Redd
So Ruff,Redman
Blow Your Mind,Redman
How To Roll A Blunt,Redman
Hellboy,Trippie Redd
Avian,Mac Miller
R.I.P. Kevin Miller,Isaiah Rashad
Runnin' (Dying To Live),"2Pac,The Notorious B.I.G."
CHICK,BROCKHAMPTON
Lamar Avenue,$uicideboy$
Nightmare Choir (I've Been Asleep Too Long),$uicideboy$
Loving Is Easy (feat. Benny Sings),"Rex Orange County,Benny Sings"
High End (feat. Future & Young Thug),"Chris Brown,Future,Young Thug"
Gas Drawls,MF DOOM
Hey!,MF DOOM
Doomsday,"MF DOOM,Pebbles The Invisible Girl"
?,"MF DOOM,Kurious"
Red Roses (feat. Landon Cube),"Lil Skies,Landon Cube"
PICK IT UP (feat. A$AP Rocky),"Famous Dex,A$AP Rocky"
One Beer,MF DOOM
Ghosttown,"Yung Lean,Travis Scott"
SUPER PREDATOR (feat. Styles P),"Joey Bada$$,Styles P"
Empty,Kevin Abstract
One More Chance - 2005 Remaster,The Notorious B.I.G.
Terrorist Threats (feat. Danny Brown & Jhene Aiko),"Ab-Soul,Danny Brown,Jhené Aiko"
Rap Saved Me (feat. Quavo),"21 Savage,Offset,Metro Boomin,Quavo"
Ghost Ride,"Skepta,A$AP NAST,A$AP Rocky"
m.A.A.d city,"Kendrick Lamar,MC Eiht"
Our Streets (feat. A$AP Ferg) (feat. A$AP Ferg),"DJ Premier,A$AP Ferg"
Voodoo,"Spillage Village,EARTHGANG"
THE WAVE,"FEYNMAN,Freddie Gibbs"
Audiopium,"Nyck Caution,Kirk Knight,Nyck @ Knight,Joey Bada$$,CJ Fly,Dessy Hinds,Rokamouth,Aaron Rose,Dirty Sanchez"
"Flava in Ya Ear Remix (feat. The Notorious B.I.G., LL Cool J, Busta Rhymes, Rampage)","Craig Mack,Busta Rhymes,LL COOL J,Rampage,The Notorious B.I.G."
Crisis (feat. 21 Savage),"Rich Brian,21 Savage"
Wanted You (feat. Lil Uzi Vert),"NAV,Lil Uzi Vert"
MotorSport,"Migos,Nicki Minaj,Cardi B"
Good Grief (feat. Diamante),"Flatbush Zombies,Diamante"
Father Stretch My Hands Pt. 1,Kanye West
Liquor Sto',"EARTHGANG,Mereba"
Meditate (feat. J.I.D.),"EARTHGANG,JID"
Missed Calls,EARTHGANG
Robots,EARTHGANG
Nowhere Fast (feat. Childish Major),"EARTHGANG,Childish Major"
Artificial,EARTHGANG
Momma Told Me,"EARTHGANG,JID"
16 Albinos in the S.W.A.T.S.,EARTHGANG
Falcon (feat. Raury),"Jaden,Raury"
Muddy Sea,Yung Lean
Sit N' Prey,"Joey Bada$$,Dessy,T'nah Apex"
U,Jaden
GUMMO,6ix9ine
Amen - Intro,CyHi
Red Dot Music,"Mac Miller,Action Bronson"
Exactly (feat. J.I.D),EARTHGANG
Now You Know,Ab-Soul
Benz Truck (гелик),Lil Peep
Traveling Light,"Talib Kweli,Anderson .Paak"
Really Doe,"Danny Brown,Kendrick Lamar,Ab-Soul,Earl Sweatshirt"
"All That Glitters Is Not Gold, but It's Still Damn Beautiful",$uicideboy$
Burgundy (feat. Vince Staples),"Earl Sweatshirt,Vince Staples"
Diemonds,$uicideboy$
Monday,"EARTHGANG,Mac Miller"
Perfect Susanoo,CHXPO
I Know (feat. Mick Jenkins),"Kirk Knight,Mick Jenkins"
5 Minutes (feat. Joey Bada$$),"Kirk Knight,Joey Bada$$"
O Pana!,$uicideboy$
Leave Your Things Behind II,$uicideboy$
It's Hard To Win When You Always Lose,$uicideboy$
Lucky Me,$uicideboy$
Uglier,$uicideboy$
Jeffer Drive,$uicideboy$
F**kTHEPOPULATION,$uicideboy$
K**l Yourself (Part III),$uicideboy$
T.R.U. (Totally Rotten Underground),$uicideboy$
Sunshine,$uicideboy$
LTE,$uicideboy$
I Ended Up Driving The Camaro Off The Causeway Bridge,$uicideboy$
Cerberus,"$uicideboy$,Masta Drag"
April Mourning,$uicideboy$
$hrimp Poboy,"$uicideboy$,Supa"
Fire Kicking Tree Limbs (feat. Money Makin Nique),EARTHGANG
Fashion,Jay Critch
Ride Slow (feat. Danny Brown & Delusional Thomas),"Ab-Soul,Danny Brown,Delusional Thomas"
Gotham Nights,The Underachievers
Money & B***hes (feat. Mick Jenkins),"Joey Purp,Mick Jenkins"
Forecast,K**lY
Dark Knight Dummo (Feat. Travis Scott),"Trippie Redd,Travis Scott"
Bosses Don't Speak,"Quality Control,Migos"
No Dope On Sundays (feat. Pusha T),"CyHi,Pusha T"
FEAR.,Kendrick Lamar
FEEL.,Kendrick Lamar
Tokyo Goons,Lil House Phone
BOOGIE,BROCKHAMPTON
CANNON,BROCKHAMPTON
BLEACH,BROCKHAMPTON
ZIPPER,BROCKHAMPTON
JOHNNY,BROCKHAMPTON
STUPID,BROCKHAMPTON
ALASKA,BROCKHAMPTON
HOTTIE,BROCKHAMPTON
RENTAL,BROCKHAMPTON
The Law (feat. Mac Miller & Rapsody),"Ab-Soul,Mac Miller,Rapsody"
Lonely Soul (feat. Punch) / / / The Law (Prelude) [feat. SZA],"Ab-Soul,Punch,SZA"
Kendrick Lamar's Interlude,Ab-Soul
Black Lip B*****d (Rmx) (feat. Black Hippy),"Ab-Soul,Black Hippy"
Vices,"$uicideboy$,JGRXXN"
Bricks,"Gucci Mane,DJ Ace,Yo Gotti,Yung Ralph"
Nowadays (feat. Landon Cube),"Lil Skies,Landon Cube"
SISTER/NATION,BROCKHAMPTON
Loopdigga,"Lootpack,Madlib,Wildchild,DJ Romes"
Knock Knock,"MED,Blu,Madlib,MF DOOM"
Charlie Hustle,Strong Arm Steady
Bistro,"Madvillain,Madlib,MF DOOM"
Curls,"Madvillain,Madlib,MF DOOM"
Money Folder,"Madvillain,Madlib,MF DOOM"
Shadows of Tomorrow,"Madvillain,Madlib,MF DOOM,Quasimoto"
Great Day,"Madvillain,Madlib,MF DOOM"
Pearls,Madvillain
Space Ho's Coast to Coast,Madvillain
Can't Reform Em,Madvillain
Never Go Pop,Madvillain
My Favorite Ladies,MF DOOM
Change the Beat,MF DOOM
Vaudeville Villain,"Viktor Vaughn,MF DOOM"
Lactose and Lecithin,"Viktor Vaughn,MF DOOM"
A Dead Mouse,"Viktor Vaughn,MF DOOM"
Raedawn,"Viktor Vaughn,MF DOOM"
Saliva,"Viktor Vaughn,MF DOOM"
Modern Slavery,"Huncho Jack,Travis Scott,Quavo"
Where U From,"Huncho Jack,Travis Scott,Quavo"
How U Feel,"Huncho Jack,Travis Scott,Quavo"
Saint Laurent Mask,"Huncho Jack,Travis Scott,Quavo"
LIQUID,BROCKHAMPTON
A GHETTO CHRISTMAS CAROL,XXXTENTACION
Phone (feat. NAV),"Smokepurpp,NAV"
Piped Up,Comethazine
Yellowman,Yung Lean
Something Foreign (feat. ScHoolboy Q),"SiR,ScHoolboy Q"
Black Skinhead,Kanye West
Pineal Gland,Ab-Soul
Lord Pretty Flacko Jodye 2 (LPFJ2),A$AP Rocky
Phone Jumpin,"Dave East,Wiz Khalifa"
Blue Notes,Meek Mill
Jordan Belfort,"Wes Walker,Dyl"
Frozen Tears,6 Dogs
Yamborghini High (feat. Juicy J),"A$AP Mob,Juicy J"
Big Body,"ScHoolboy Q,Tha Dogg Pound"
The Store (feat. Big Leano),"Cousin Stizz,Big Leano"
Sauce,YOPPA BAM
Marsupial Superstars (feat. T3),"SahBabii,T3"
Black Santa,Trinidad James
Red Light!,XXXTENTACION
Indecision,XXXTENTACION
4Peat,"XXXTENTACION,Ski Mask The Slump God"
Members Only S**t,"Kin$oul,K**lstation,ikabodVEINS"
2ensational / Pink Toe,Robb Bank$
Invisible Klip,"Kid Trunks,Robb Bank$,Ski Mask The Slump God"
See Me,Rich Brian
Birds,"MED,Blu,Madlib"
Belly Full,"MED,Blu,Madlib,Black Spade"
Burgundy Whip,"MED,Blu,Madlib,Jimetta Rose"
No Mercy,"Yung Bans,Yung Lean"
Look Like,Yung Pinch
Maleficent (Get Go) [feat. Chester Watson],"Kent Loon,Chester Watson"
"King's Dead (with Kendrick Lamar, Future & James Blake)","Jay Rock,Kendrick Lamar,Future,James Blake"
Payload,KAMI
"Remix (feat. Tyler, The Creator)","MellowHigh,Tyler, The Creator"
KEKE,"6ix9ine,Fetty Wap,A Boogie Wit da Hoodie"
Multiply (feat. Juicy J),"A$AP Rocky,Juicy J"
"Telephone Calls (feat. A$AP Rocky, Tyler, The Creator, Playboi Carti & Yung Gleesh)","A$AP Mob,A$AP Rocky,Tyler, The Creator,Playboi Carti,Yung Gleesh"
JD,A$AP Rocky
Cold World (feat. Earl Sweatshirt & Remy Banks),"MellowHigh,Earl Sweatshirt,Remy Banks"
Can't Call It,"Spillage Village,J. Cole,Bas,EARTHGANG,JID"
Rounds,"Spillage Village,EARTHGANG"
Old S**t,"Spillage Village,EARTHGANG"
Ghostface K**lers (feat. Travis Scott),"21 Savage,Offset,Metro Boomin,Travis Scott"
Centurion (feat. Vince Staples),"Earl Sweatshirt,Vince Staples"
Keisha,Dave East
Never Home,SiR
War,SiR
Feels Right,Fetty Wap
That's That,MF DOOM
Room Service,Higher Brothers
God's Plan,Drake
Diplomatic Immunity,Drake
Citgo,Chief Keef
King Kunta,Kendrick Lamar
Screen Door,Vince Staples
Codeine Dreaming (feat. Lil Wayne),"Kodak Black,Lil Wayne"
"After The Storm (feat. Tyler, The Creator & Bootsy Collins)","Kali Uchis,Tyler, The Creator,Bootsy Collins"
Higher We Go - Intro,Migos
King to a God,"PRO ERA,Joey Bada$$,Dessy Hinds"
Beast,Migos
Open It Up,Migos
Work Hard,Migos
Too Playa,"Migos,2 Chainz"
Made Men,Migos
Notice Me,"Migos,Post Malone"
Buttcheeks,6 Dogs
Mad Man (feat. Playboi Carti),"A$AP Ferg,Playboi Carti"
Spirits,Angelo
12,88GLAM
Lil Mufukuz (feat. DOOM),"Dabrye,MF DOOM"
F**kALLOFYOU2K18,$uicideboy$
Hol' Up,Kendrick Lamar
Geek A Lot,Smokepurpp
EdEddnEddy,JID
The Ways (with Swae Lee),"Khalid,Swae Lee"
I Am,Jorja Smith
Summertime In Paris,"Jaden,WILLOW"
Shot You Down (feat. Jay Rock & ScHoolboy Q),"Isaiah Rashad,Jay Rock,ScHoolboy Q"
Survival Tactics,"Joey Bada$$,Capital Steez"
Cigarette Daydreams,Cage The Elephant
My Kind of Woman,Mac DeMarco
ONCE UPON A TIME (FREESTYLE),"IDK,Denzel Curry"
Driftin',Bishop Nehru
Love Is Only a Feeling,Joey Bada$$
2012,Joey Purp
Wells Fargo (with JID & EARTHGANG feat. Buddy & Guapdad 4000) - Interlude,"Dreamville,JID,EARTHGANG,Buddy,Guapdad 4000"
MESS U MADE,MICHELLE
All My Time Is Wasted,Hannah Jadagu
Street You Live On,Remi Wolf
Doesn't Matter,BENEE
Days Like Lost Dogs,Christian Leave
concussion,girlhouse
Rodeo Clown,Dijon
Pretty Pictures,Indigo De Souza
Holly Holly,Wabie
lush,boylife
Pack a Punch,Luke Wild
at least i'm pretty,Harriette
Anymore,Teenage Priest
Better in the Dark,"Jordana,TV Girl"
I See It Now,"Bachelor,Jay Som,Palehound"
Hold On For Dear Life,"Adam Melchor,Briston Maroney"
That's Life Honey,Boy Scouts
Where Were You,FELIVAND
HOT WHEELS,nickname jos
Show Up,Samia
Let It Go,Oberhofer
Float Away,The Greeting Committee
Ladybird,NewDad
Inside Out,Duster